{"hlWGxiH8bu85KzoqUCCegA==":"screenshot-2023-08-28-at-3.36.35-pm-1024x1030.png","hOyfN3Eqwum7tW3f8zrjeQ==":"tiktok2-1542x1094.png","BnLBWrb4tepvnyzkWGzGJw==":"1683495342_landergluco2copy.webp","0xmRRp7tpMq4Y+G4iNUKjA==":"276167e26cae5ca507f98d02302a8f57-1080x1080.png","hXORmxpK2pLFBHFKlGXThw==":"ikaria2-612x408.png","Z7qoFsBJvs1Z2gvlTRtH4g==":"ikaria3-404x316.png","W26yk1oL1avc7xSEIpmvkg==":"ikaria.webp","enBHGE4jGD8Jrs53E66L5w==":"creative%20(2)-600x600.jpg","ZFyYlBvtG9754cQrm7eGfw==":"kkcreative%20(2)-600x501.jpg","GkTPBgVmDYbNoF+v2jrL5A==":"creative%20(3)-600x315.jpg","315HBGu9TtyrycZPsU3HdQ==":"creative%20(5)-600x600.jpg","ohM359Zce4mm+jwtPI27nw==":"creative%20(6)-600x600.jpg","La5Oqq4mGSJYCwzNigmVsg==":"creative-512x512.jpg","i0xpgW/0RgRgqw+6nf7i0A==":"alpilean-weight-loss-capsules-removebg-preview-612x408.png","662E9xe3400L1NB/rOHeCg==":"l2-500x500.png","JohMcXnjn0lbhTgGtfd9cw==":"l3-370x674.png","4jqqdaqfyrmeACwTiEBeCg==":"l4-666x375.png","9iZAl0phGsIcLzYp4wliyQ==":"images-177x284.jpg","XTypqDWrA+18Ztn8Q49QQw==":"l5-500x500.png","WbyN/zJFpsOZS9/Zymq6sQ==":"l6-603x414.png","JzQaJ//zNU5z2AzDlfQ8/g==":"l7-778x188.png","WrgX7uIXuPEBEe8C0ZJveA==":"l8-620x403.png","aBbZzm4vo5JrrHvr/9DBZg==":"single-product-nw.webp","CbCm3cr5pQL4oDRTDFjjEQ==":"image2.webp","asDiP3RYmdlWwi5RB1BWYQ==":"m1-612x408.png","BHSyeYH1q3P82sJG7v+NVA==":"ribbon-341x341.png","EhMm1eUMFLFSBOF7JLPpfQ==":"m3-575x434.png","qdRoFcU/JiQgem7/NJdJsQ==":"metanail_complex_-_presentation-removebg-preview-576x433.png","1pyA4wXSdq9jh/sXkLObIA==":"metanail_complex_-_presentation__2_-removebg-preview-570x437.png","aId6m2W4TXhfZ28l6PO3bw==":"m2-667x374.png","pUuyynjmDYdUnQnbGZXLQQ==":"liv2-513x486.png","c/h6klqoeeT51JdLkNeLBA==":"c3-612x408.png","15XdMPdez853xKpilZTpDA==":"liv1-612x408.png","kLR6MG4KA9vLYgVfoZr0QA==":"c1-612x408.png","2F2Q6jswiEE0ZXNVBQfvNw==":"c2-449x556.png","CDEgc5VU3vxK5iKZSPGaEw==":"c2-80x99.png","dZeow25umm9galhxtU672A==":"c1-77x51.png","8FdT3VMjXyHzuQEbGzKBlA==":"liv1-144x96.png","p5aw2AHEZoQlWX1ubU0/Yg==":"liv2-144x136.png","/qXF8aGYhGRLYdjysOcWNg==":"liv3-612x408.png","PzHtm8cqcMd3XpP/4ywxgw==":"leanbiome%20orders-640x440.png","InjE8AaIbt5Rp1iZfoUobQ==":"l5-97x97.png","7BoC4RAVTDGrH8YZ6v/VoA==":"l1-612x408.png","JT4+hJ+cT1Tb2leFwS8EiA==":"12.webp","mxOEE7dhobpPY08SJGtNZQ==":"whatsapp_image_2023-05-07_at_3.28.27_pm__1_-removebg-preview-500x500.png","TBXuTNbabp978MG8U058QA==":"whatsapp_image_2023-05-07_at_3.28.27_pm__1_-removebg-preview-96x96.png","rV5sHJ1snIrOzaP8/p7ysA==":"549870.webp","j2cyYvrQAZE7uZqVKw23/w==":"red-boost-bottle.webp","on8kvwqKTf85rgWpMMK3mg==":"uy-97x97.jpg","EFQyl4lJmUWLvIWbpXhBog==":"uy-225x225.jpg","otts2gIXFAFR58zZdOZx/w==":"tj-96x96.png","rjAIvSgmWm99NoXR4Ox6zA==":"ugu-408x611.png","Ii84oNuStL7udTDmrP0bxQ==":"whatsapp%20image%202023-12-10%20at%203.03.16%20pm-815x681.jpg","VZJcUoq+YJVNKpNg1/SlDQ==":"jwd-612x408.jpg","ELPDlMQotljr5FLDJVlz+g==":"122-480x360.jpg","LkHXFMZ/N4+vwnpdhdOEfA==":"659-537x465.png","XgVzOHuw1xBWQr25cAdELA==":"76-611x408.png","I9ElYWJFz9b9XM/IH9rIDw==":"769-406x614.png","6QcRdLmssz9GOnUilQPkkw==":"650-470x400.png","dtd+opLKSe5hN+Ipk8FA/g==":"897.webp","eTF80SSy1+19l/tXwHDVdA==":"789-1400x933.jpg","zUfeCgQm3JOu0DMKIjhzwA==":"68-696x587.jpg","JqvZ92jAF5LD/V2eeoi5zw==":"876-1200x630.jpg","xBXMHJxmqQFJXNDc0cJQpw==":"867-1500x1001.jpg","qiGQM3xx0/uWrJsB+eembw==":"657-1916x1277.jpg","UqsqX2osY0Hii6dx7ES7Zg==":"790130455311572-600x400.jpg","sKWenUgt3Zd4v3SQvk580Q==":"7868-463x370.jpg","s2Xt1cGG2wd/6OrqfksEKQ==":"678768-1000x667.jpg","vXb69hNEP35qqyhhPLQCtQ==":"456-1254x836.jpg","rIAZiolhFq4sguhPyON1sA==":"75387-1232x822.jpg","AYx3HwRyAI++s52zw5ySPA==":"76797-1232x821.jpg","VimH2MYPgYeQV3Vvpr8beA==":"786868-539x360.jpg","GaTGsbB5cE7/rVC9UtbK+Q==":"34466-612x385.jpg","UsgMdpVsVkp127Ge7h3RmA==":"8758787-450x225.jpg","MauCoLUJod30VpRVwYcwkg==":"78587-1280x853.jpg","gcyj+pMo/NybC+gQN0h/UQ==":"4678-400x209.jpg","tTLPfaT4fxKsPEtgQpP0nw==":"86544-450x289.jpg","8tPqaIvu7rb2al69CEfHBQ==":"788-612x461.jpg","0SNyRVG23FVLgnYm6a16gA==":"9868-1080x540.jpg","S8WSBINSVwa+5eqwWr+jhQ==":"9768-640x427.jpg","qzdiYT0KMk4nqxbnCa2bdA==":"86757-1916x1278.jpg","vf7n1Rj3mQG6chK+kTDllg==":"58768-1024x683.jpg","Qd3+3PHNNEDnX94PM/Kh3A==":"87657-575x600.jpg","XcKreGovuelS6Tgjh0GyUQ==":"46787-612x408.jpg","N/zpjqQrRp44o9KaVF7aMg==":"314247384133254-600x600.jpg","uF0BFe5F9vfKufCVDFPaJw==":"4568-1695x1130.jpg","JJviEScwxqOPNjhyxPVAxQ==":"790490608617758-600x600.jpg","3AUO6AxvUp9qLiadvS8O5A==":"867-1476x985.jpg","24C/AlfkkvdnqyRtyyOkjA==":"86757-1476x984.jpg","/ZwRItSZCcmEHwsbmNv8Ng==":"781-900x600.jpg","sF/KDMFt2hOcNB1JznK+0A==":"86757-612x408.jpg","od19XZ09+dBFIVgyqOtRkA==":"vidimage1-with-button-1696x1066.jpg","utl23ZIAm2jgf+/m9LdyCQ==":"8600-1200x801.jpg","YmX4VYt8eauui0MTe2Qh6w==":"8757-655x353.jpg","kPV4E4N0/Hz7XzPQ0Y6zKQ==":"436-273x184.jpg","zkIjrmUVc5WzF37hpSQ6ig==":"9078-640x457.jpg","M18QPI/WbWqrWwLr602n8Q==":"vidimage1-with-button-1695x1065.jpg","t3rI6GKyWGEQOMtEgsw9bg==":"9798-733x365.jpg","3UjqJbTqAK5ljTDU3rumbA==":"8974-1695x1130.jpg","ho/TOA7LsmcdkCClO97lHg==":"istock-538065915.webp","YiXhaoECM47TW1P2Tvogzg==":"346-450x300.jpg","Vsmyw2GgWK+VosAn3H52Xw==":"26-960x540.jpg","IE47+RcGR6ww0jNY8ax/1g==":"457-1600x800.jpg","ymcSuDvEaivr9kMfD28DWQ==":"b84a98c2f694f9d4fa011a675f58f9ea-300x450.jpg","irw+Xf0XyYif8KdmaEEBLw==":"istockphoto-1339837272-612x382.jpg","+l8kNosuAihQepoVXpnQ4g==":"lee-5-1562236836-j4bb-column-width-inline-720x500.jpg","y36CYZxZq64awjMU5F2Lqg==":"men-yoga-hero.webp","ehWAUDlIQfdRUXimgHJ06w==":"gettyimages-1248775871-1916x1078.jpg","PyDAO+iqjj1XOcgzGDVztQ==":"my-project-2022-03-02t100307.695.webp","aFmL/Wam0DfZKg0NSjDtsQ==":"552953794-h-1024x700.webp","KSy2ujCEB9vK3f1bNmtMlw==":"yoga-for-women-700x415.jpg","PFzDtJqBnGMMHJGOGnunmw==":"yoga-poses-for-women-m-660x535.jpg","xK0bljO6baQvgvDWd8n85Q==":"78be5b2bdb40df4bf1cc9855b421257a-800x800.jpg","zXszG8gI/2UX+ZwErJ4H5w==":"istockphoto-1149503678-612x408.jpg","3W29MYGgL89r7JKIUPh65Q==":"yoga-1200x900.jpg","0lOMuh0FKMFj9V8Y+WoPJA==":"yoga-men-workout-studio-front-window-yoga-man-workout-studio-training-front-window-199836995.webp","mvf5wwruGbKjgBI9UeWruQ==":"360_f_324040434_w2dqrc9ntnapjftoxybvftd1es6qgrb3-540x360.jpg","HTH2+yS4F5PH9riwMOEMyA==":"upward-facing-dog-750x450.jpg","xLKNHRsQGtQeeTZfcT85HA==":"b7a7ab13-a3cf-4914-be8d-ef21d9e591b9.webp","9jUCLBh2bdubreGJrfkZWg==":"yoga_for_sperm_count_big-800x600.jpg","l1N2o9XYlxVSkqHPRdNaAw==":"the-top-3-yoga-poses-to-get-stronger-according-to-experts-1824x1216.jpg","FgEd3pPK+/UNk1IB5Y7D6g==":"yoga%20(1)-600x311.jpg","5e0cPuDwuE7ZjCnho8njmA==":"yoga-man-workout-fitness.webp","qICzkqs4PllR7Np2p7XD7Q==":"istockphoto-469802814-612x408.jpg","VKgQPHclUtnj5ZdPHfFsQw==":"agolaen_patmoore.webp","K/lnT2UUpjCPv4paYM9l0w==":"1696e7_3e14bfd253a74243a999ce7dec86a615~mv2_d_5184_3456_s-4.webp","WiluKiDZl8sX70lRIZNbkw==":"istockphoto-1184835694-612x408.jpg","L0fk+mV6d/N7kKgnmVRUwg==":"dice-iida-klein-yoga-instructor-1024x620.jpg","Gzkvg6GKPVch1lof6ODkNw==":"yoga-for-men-yoga-updog-pose-800b400-800x400.jpg","31mrlllQMCtm6k7sYTwTdQ==":"header-yoga-is-for-everybody-making-men-feel-more-included-in-your-yoga-classes-1200x630.jpg","eN+kylOBIwGlNS0RMfI34w==":"dd9275cfff026f0cc9a265161c44ab4e-730x487.jpg","1Hv9hD1DlsKaTUKEOUAfXQ==":"1654202102672-800x800.jpg","/z3bGTtNBlrIsSdeZae14A==":"7bridge-1629206406-1256x942.jpg","JVfSKYjBzst+6heVu2sMaw==":"istockphoto-1177408187-612x408.jpg","vu34g5ythi5P/U5YnTbcPw==":"allaoua-gaham-yoga-for-men-1280x946.jpg","m44ldbAwkR1kkmKI81z9Lw==":"what-should-guys-wear-for-yoga-1-1200x800.jpg","JCWAFyRUS2lz5qt1Yj1NSA==":"6-reasons-why-more-men-should-practice-yoga-1-480x600.jpg","ayn87Aqr+E8m8CPRIWInWA==":"gettyimages-1395504255-33d159af773f45039286966a35dfd76d-1036x691.jpg","CygKH2kNIeS+LRn83h5FSw==":"tantra-yoga-for-men-6.webp","OD0ixF9PWg9ezu8lz8Zm/w==":"tantra-yoga-for-men-1.webp","9JwVn1PpTRCIxJH4LhVCUg==":"warrior-one-9204-yoga-tune-up-dustin-brown-melbourne-australia-mk-matt-korinek-photographer-copyright-2017-fbsm-960px.webp","k9yREyj0xORVmLnj6ZbOgQ==":"man-doing-vinyasa-yoga.webp","ZnIdBjKjPzIAQ9lh0iDj0A==":"cropped-shutterstock-2120183345-640x853.jpg","pSMvzV27+lMHTB91KqVejA==":"benefitsofyogaformenover60-1674448886-1036x583.jpg","KUxx2crbh2fvVL4rtcps1w==":"634d9f38410f430018149848.webp","mzoBW98O8qkCVR3k+itrnQ==":"lee-1-1562236785-9nbf-column-width-inline-720x700.jpg","/PwcpX3nxmDmWRgiWoXPxg==":"picture-1.webp","wZmDTGQTg0BDh0+rJZD/6A==":"kegel-exercises-for-men-800x450.jpg","+r66md05TbqrDflE4Gd4HQ==":"5_yoga_asanas_to_increase_your_sperm_count.webp","rwW2nHX0uN6cxUEhzSNbgw==":"10-yoga-asanas-and-mudras-to-increase-your-sperm-count-1024x576.png","mdngAWxw5e3lo6PRqlS9Ng==":"skill-yoga-recovery-3.webp","GFXvEdlUEByJZeHcq9NQtw==":"198618497-selfie-agriculture-or-man-video-call-with-cow-for-social-media-eco-friendly-blog-or-agro-small-450x298.jpg","yXYl9W/mOskO2moPr0nyaA==":"1000_f_348906208_mzonkirwjeyyohctpgsvzn4i3x9ycz4p-667x1000.jpg","34KZqajVdOgKoViWoUCMAg==":"nonclinical_menvisiting_as137363399_2col-422x317.jpg","QOrpr4h5Sk2hqUNtFJHIVA==":"shutterstock-315520139-1024x683.webp","t4VR5NALsUmqU0sl9EVMJg==":"happy-relaxed-man-wearing-glasses-ee2f1576532643e0845952e209bad8ee-1532x1019.jpg","S+BfNanMYaXe4ENFS3gdqw==":"istockphoto-1307241137-612x408.jpg","q4UcXcrZnTVKBBeSSH7ejg==":"istockphoto-621360614-612x369.jpg","GkieKv+b7I5nfdG9XgSjZQ==":"istockphoto-1405265698-170667a.webp","9seV9pmGhuJZiVGMbSwX/A==":"360_f_214746128_31jkeap6ru0nzzzdfc4khgkmqc8noe6h-540x360.jpg","qCoKR4y04MqCzAhhF2HNew==":"how-to-make-him-fall-in-love-psychology.webp","QhLsMwvIGYX08evaqI0osw==":"215313125-portrait-of-a-happy-young-indian-man-smiling-at-camera-in-the-street-450x300.jpg","o/153jRUQFwrIqqo0G3VZw==":"stock-photo-carefree-man-with-arms-outstretched-standing-in-front-of-sea-2273070325-1500x1100.jpg","mIEJO5xQSp+6Q4YgKEyX1A==":"young-man-happy-in-front-of-laptop-examples-of-motivation-and-inspiration-1.webp","8D6KUOHcWkroIwQTjP6cGA==":"young-professional-man-looking-excited-at-his-desk-because-he-s-confident-that-he-s-found-a-job-he-s-passionate-about.webp","+4Wodlt+mUShlkA9854Trg==":"120726-mens-health-happily-married-kb-1040a-1500x1000.jpg","7L6yLyogll4gVi6IDSOnDw==":"n0710a16207232992272-1600x1066.jpg","oudq+xu62dZygRtlQE8jxg==":"9-questions-ask-man-you-want-marry.webp","hs2APB9xxdjkoZrqnSYIYQ==":"signs-of-a-healthy-relationship-1-1-792x456.jpg","tJ0iTfuddb33JqeQoRR8SQ==":"couple-loving-relationship-1363267259-770x533-1-770x533.jpg","rsUg3uMcdPcxSfjzY6GFIA==":"gettyimages-1337225982-6a7db99e92494b2ba43ab31ec65f1456-1500x1500.jpg","nnOz/F5c2PptdBwtSDPQWg==":"anchor_live_smart_freepik_nov-13.webp","u9T4VRrmhahj/Ib0NoZU3Q==":"5c007df51f0000d606263b5c-720x457.jpg","upFZSt17H/dAykt/TIBUsA==":"carly-rae-hobbins-znhoizjjiya-unsplash_1664620096838-1664620108460.webp","/2gl4mPoGi8OoDOfgK+/LQ==":"istock-807410502.2e16d0ba.fill-735x490.jpg","jFPBcFhgJQ0Q1WYGYNvYlw==":"341213-2121x1414-happycouple1-1445187947-1916x1277.jpg","r2g/3qb/LKjhTz2xyndpDA==":"35-804x350.jpg","VAF/691X5TC51rvk3QP8dQ==":"shutterstock-1259956315-1000x667.jpg","wYH7aCqf3hOEoZXxx8F10g==":"tips-for-building-a-healthy-relationship-1200x800.jpg","tTKnjfPkzkVDaV/iWDWgyg==":"bigstock-portrait-of-a-happy-mature-cou-78962137-1916x1272.jpg","EJd9tAA/PCznPx16jZbWzQ==":"02-19-20-what-love-is-1400x933.jpg","U+Ux5SWnmlPBDAlrd1qQwQ==":"d62d1e2cbb910a6cb17da3eb5cdbecea-mature-couple-smiles-lovingly-at-eachother_l_sm-470x314.jpg","00jnexp8M2A0G+LEYqLAug==":"happy-couple-beautiful-new-wallpapers-1916x1078.jpg","N058e62H7XDK1WXjZ1HVoA==":"6070b3074943790018bb1bb9.webp","RIWlEE4B1BtkwXrEbqfvGg==":"what-healthy-relationships-look-like-1024x683.jpg","fIgUnE/ZyzpGvNDOqR2qzg==":"shutterstock-1490150276-1528x800.jpg","oCUk8GPMm8XMRgl4QbVkNA==":"yoga_for_men_9-5e2c9aa387ccf80da787a3fcce0dc188-1916x1078.jpg","9W6lbRxWRnwez8vIudUhCg==":"calm-relaxed-handsome-young-man-with-beard-lying-on-royalty-free-image-1588281784-1916x1277.jpg","8f0tyNeolw5ZJOGDrhPt2w==":"istockphoto-1273304598-612x408.jpg","tTnDEzIfsy0St7rDE2mAcQ==":"istockphoto-1216756836-612x408.jpg","YKOB5RwhZdw4+H/yQldOww==":"maxresdefault-1280x720.jpg","xGH22OdfvZLKDwxYEVee0w==":"dsc01391-3.webp","Y/nAbHfmRHUOW1Vl/ExqNw==":"2f4c1a7d5a9f480537ff9063242d9b07-721x903.jpg","XWQnXmUAbV0Vz1vR7T3YNA==":"istock-1271342921.webp","3zzUgNolII0Pu2FS+xAkMg==":"yoga-men-home-1000x450.jpg","T6M1/Ij8uCtglrSemkA2ng==":"yogamat2-1200x675.jpg","DWzWnV9uqNRzmKohsW9lcQ==":"istock-1264471889_627b8dab727fc-1200x900.jpg"}